Brand,Size,Price,link
Michelin Pilot Sport 4,-205/55 R16-94-Y--,9080,https://www.shinservice.ru/catalog/michelin/summer/pilotsport4/205-55-R16/94Y/?idx=812603
Michelin Primacy 4,-205/55 R16-94-V--,7650,https://www.shinservice.ru/catalog/michelin/summer/primacy_4/205-55-R16/94V/vol/?idx=866975
Michelin Primacy 4,-205/55 R16-91-V--,6980,https://www.shinservice.ru/catalog/michelin/summer/primacy_4/205-55-R16/91V/?idx=829473
Michelin Energy XM2+,-205/55 R16-91-V--,5420,https://www.shinservice.ru/catalog/michelin/summer/energy-xm2-plus/205-55-R16/91V/?idx=893694
Michelin CrossClimate+,-205/55 R16-94-V--,7600,https://www.shinservice.ru/catalog/michelin/summer/crossclimate_plus/205-55-R16/94V/?idx=819794
Michelin Primacy 3 ZP,-205/55 R16-91-V--,10470,https://www.shinservice.ru/catalog/michelin/summer/primacy_3_zp/205-55-R16/91V/?idx=694195
Michelin Pilot Exalto 2,-205/55 R16-91-Y--,8260,https://www.shinservice.ru/catalog/michelin/summer/pilot_exalto_2/205-55-R16/91Y/n0/?idx=666072
Nitto NT860,-205/55 R16-91-V--,3960,https://www.shinservice.ru/catalog/nitto/summer/nt860/205-55-R16/91V/?idx=827782
Nokian HAKKA BLUE 2,-205/55 R16-94-V--,4630,https://www.shinservice.ru/catalog/nokian/summer/hakka_blue_2/205-55-R16/94V/?idx=812277
Nokian HAKKA BLUE 2,-205/55 R16-94-W--,5130,https://www.shinservice.ru/catalog/nokian/summer/hakka_blue_2/205-55-R16/94W/?idx=829505
Bridgestone Ecopia EP300,-205/55 R16-91-V--,4310,https://www.shinservice.ru/catalog/bridgestone/summer/ecopia_ep300/205-55-R16/91V/?idx=907596
Bridgestone Turanza T001,-205/55 R16-94-W--,4940,https://www.shinservice.ru/catalog/bridgestone/summer/turanza_t001/205-55-R16/94W/?idx=680955
